{
  "project_info": {
    "project_number": "254295801025",
    "firebase_url": "https://findingyou-adb37.firebaseio.com",
    "project_id": "findingyou-adb37",
    "storage_bucket": "findingyou-adb37.appspot.com"
  },
  "client": [
    {
      "client_info": {
        "mobilesdk_app_id": "1:254295801025:android:6ea6a733685e238092e840",
        "android_client_info": {
          "package_name": "com.appsaga.findingyou"
        }
      },
      "oauth_client": [
        {
          "client_id": "254295801025-6qm8gq1od975s801htotuu78g3trqot8.apps.googleusercontent.com",
          "client_type": 1,
          "android_info": {
            "package_name": "com.appsaga.findingyou",
            "certificate_hash": "9d15ff30be6a3deb80d2e965b90ce4af8086fbe1"
          }
        },
        {
          "client_id": "254295801025-2vl1c17qegesn8orpp7u8fo511qo7nae.apps.googleusercontent.com",
          "client_type": 3
        }
      ],
      "api_key": [
        {
          "current_key": "AIzaSyBkroQI3dsppeqdZyMoSokgSNBrN625ntk"
        }
      ],
      "services": {
        "appinvite_service": {
          "other_platform_oauth_client": [
            {
              "client_id": "254295801025-2vl1c17qegesn8orpp7u8fo511qo7nae.apps.googleusercontent.com",
              "client_type": 3
            }
          ]
        }
      }
    }
  ],
  "configuration_version": "1"
}